<?xml version="1.0" encoding="UTF-8"?>
<project-private xmlns="http://www.netbeans.org/ns/project-private/1">
    <editor-bookmarks xmlns="http://www.netbeans.org/ns/editor-bookmarks/2" lastBookmarkId="0"/>
    <open-files xmlns="http://www.netbeans.org/ns/projectui-open-files/2">
        <group>
            <file>file:/C:/Users/pedro/Documentos/PROP/Projecte/src/edu/upc/epsevg/prop/hex/players/PlayerMinimax.java</file>
            <file>file:/C:/Users/pedro/Documentos/PROP/Projecte/src/edu/upc/epsevg/prop/hex/Board.java</file>
            <file>file:/C:/Users/pedro/Documentos/PROP/Projecte/.git/config</file>
            <file>file:/C:/Users/pedro/Documentos/PROP/Projecte/src/edu/upc/epsevg/prop/hex/players/DijkstraHeuristic.java</file>
            <file>file:/C:/Users/pedro/Documentos/PROP/Projecte/src/edu/upc/epsevg/prop/hex/HeadlessGame.java</file>
            <file>file:/C:/Users/pedro/Documentos/PROP/Projecte/src/edu/upc/epsevg/prop/hex/players/HumanPlayer.java</file>
            <file>file:/C:/Users/pedro/Documentos/PROP/Projecte/src/edu/upc/epsevg/prop/hex/JControlsPanel.java</file>
            <file>file:/C:/Users/pedro/Documentos/PROP/Projecte/src/edu/upc/epsevg/prop/hex/players/RandomPlayer.java</file>
            <file>file:/C:/Users/pedro/Documentos/PROP/Projecte/src/edu/upc/epsevg/prop/hex/players/HEXTEAM.java</file>
            <file>file:/C:/Users/pedro/Documentos/PROP/Projecte/src/edu/upc/epsevg/prop/hex/Game.java</file>
        </group>
    </open-files>
</project-private>
